Item,,,,,,,,,Image,Image Version,,Artist,,,,,Location,,,,,Organizational Donor,Individual Donor,,Fabrication,,,,,Bibliography
Name,Material,Genre,Installation Start Date,Installation End Date,Height,Width,Depth,Context,File,File,Version,First Name,Last Name,Birth Date,Deceased Date,Artist Bio,Neighborhood,Street Address,Latitude,Longitude,Current,Name,First Name,Last Name,Date,Fabricator,City,State,Country,
Baltimore Uproar,"glass, mosaic",mural,19820000,,168,552,,,1.jpg,1_235x235.jpg,small,Romare,Beardan,19110000,19880000,,Upton,"Upton Metro Station, Pennsylvania Ave",39.30515,-76.6366,true,,,,,,,,,
Colossus I,Cor-Ten steel,Sculpture,19720000,,,,,,11.jpg,11_235x235.jpg,small,,,,,,Mount Vernon/Belvedere ,"Waxter Center for Senior Citizens, 861 Park Avenue",39.3012,-76.61799,true,Baltimore City Percent for Art Program,,,,,,,,
Untilted 2,Paint,Mural,19960000,,,,,,13.jpg,13_235x235.jpg,small,Bob,Heironimus,,,,Waverly,501 Venable Ave.,39.329265,-76.609405,true,,,,,,,,,
Untitled Crab,Copper,Sculpture,19720000,,,,,,14.jpg,14_235x235.jpg,small,Edmund,Whiting,19180000,19750000,,Federal Hill,"Federal Hill Elementary School, 1040 Williams St.",39.277809,"76.611255
",true,Baltimore City Percent for Art Program,,,,,,,,
Confederate Women's Monument,Bronze,Monument,19150000,19170000,,,,,15.jpg,15_235x235.jpg,small,J. Maxwell,Miller,18770000,19330000,,Charles Village,"Bishop Square Park, N. Charles and University Parkway",39.333305,-76.618304,true,Daughters of the Confederacy,,,,,,,,
Confederate Women's Monument,,,,,,,,,,,,,,,,,,,,,,United Confederate Veterans,,,,,,,,
Confederate Women's Monument,,,,,,,,,,,,,,,,,,,,,,State of Maryland,,,,,,,,
Untilted,Paint,Mural,20120000,,,,,,16.jpg,16_235x235.jpg,small,Ever' Nicol√°s,Romero,,,,Station North,10 E. North Avenue,39.312002,-76.615583,true,Open Walls Baltimore,,,,,,,,
Kiko-Cy,Steel and Aluminum,Sculpture,20070000,,288,240,240,,18.jpg,18_235x235.jpg,small,Paul,Daniel,19500000,,,Charles Center,"Preston Gardens, Baltimore, MD 21201",39.293409,-76.614183,true,,Paul,Daniel,,,,,,
Union Soldiers and Sailors Monument,Bronze,Monument,19090000,,,,,,19.jpg,19_235x235.jpg,small,Adolph Alexander,Weinman,18700000,19520000,,Charles Village,"Wyman Park, N. Charles and 29th Street",39.332554,"-76.625604
",true,State of Maryland,,,,,,,,
Rocking Horse Venus Memorial,,Sculpture,,,,,,,2.jpg,2_235x235.jpg,small,,,,,,Station North,,,,true,,,,,,,,,
Caterpillar,Cor-Ten steel,Sculpture,19760000,,,,,,20.jpg,20_235x235.jpg,small,Norman,Carlberg,19280000,,,Charles North,"Dallas F. Nicholas Sr. Elementary School, 201 E. 21st Street",39.313337,"-76.613197
",true,Baltimore City Percent for Art Program,,,,,,,,
My Sister's Garden,Paint,Mural,19970000,,,,,,4.jpg,4_235x235.jpg,small,Mary Carfagno,Furguson,,,,,,,,,,,,,,,,,
My Sister's Garden,,,,,,,,,,,,Patti,Prugh,,,,,,,,,,,,,,,,,
My Sister's Garden,,,,,,,,,,,,The women of My Sister's Place,,,,,Mount Vernon/Belvedere ,20 E. Center St.,39.296274,-76.615342,true,,,,,,,,,
Samurai Rocker,Cor-Ten Steel,Sculpture,19790000,,,,,,5.jpg,5_235x235.jpg,small,Richard D.,Gottlieb,19510000,,,Charles North,"Margaret Brent Elementary School, 100 E 26th St.",39.320125,-76.614925,true,Baltimore City Percent for Art Program,,,,,,,,
Seal,Bronze?,Sculpture,,,,,,,6.jpg,6_235x235.jpg,small,Shalowitz,Frayda,,,,Charles North,"Margaret Brent Elementary School, 100 E 26th St.",39.320125,-76.614925,true,,,,,,,,,
Welcome to Sharp Leadenhall,Paint,Mural,20080000,,,,,,7.jpg,7_235x235.jpg,small,Charles,Lawrence,,,,Sharp Leadenhall,114 Hamburg St.,39.278694,-76.611736,true,Baltimore City Mayors Office?,,,,,,,,
In memory of Kiki?,Paint,Mural,,,,,,,8.jpg,8_235x235.jpg,small,,,,,,Station North,2011 Charles St.,39.312682,-76.616357,true,,,,,,,,,
Male/Female,Aluminum,Sculpture,20040000,,,,,,10.jpg,10_235x235.jpg,small,Jonathan,Borofsky,19420000,,,Station north,"Penn Station, 1515 N. Charles St.",39.307599,"-76.615608
",true,Municipal Art Society of Baltimore City,,,,,,,,
Male/Female,,,,,,,,,,,,,,,,,,,,,,Penn Station Fund,,,,,,,,
Baltimore Love Project Mural 1,,Mural,,20060400,,,,,,,,Michael,Owen,19830000,,"Artist Michael Owen born 1983 in Seattle Washington, Graduated MICA in 2004, Lives presently in the Highlandtown neighborhood.",Mt Washington,"Mt Washington Arboretum, Loch Lea and Kelly, Baltimore, MD 21209",39.366492,"-76.655828
",true,Baltimore Love Project,,,,,,,,
Baltimore Love Project Mural 1,,,,,,,,,,,,,,,,,,,,,,TKF Foundation,,,,,,,,
Baltimore Love Project Mural 2,,Mural,,20090500,,,,,,,,Michael,Owen,19830000,,"Artist Michael Owen born 1983 in Seattle Washington, Graduated MICA in 2004, Lives presently in the Highlandtown neighborhood.",Carrollton Park,Gwynn Falls Trail Head,,,true,Baltimore Love Project,,,,,,,,
Thurgood Marshall,Bronze,Sculpture,,19790000,96,24.5,24.5,,,,,Reuben,Kramer,19090000,19990000,,Downtown West,"Pratt St. and Hopkins Place,Northeast Corner",39.2863751,-76.61750889999996,true,Baltimore City Department of Housing and Community Development,,,,SPRING NAGY/FOUNDEUR,,,,"IAS 87800009, 20140807, http://siris-artinventories.si.edu/ipac20/ipac.jsp?session=14B7G32633K26.702&profile=ariall&source=~!siartinventories&view=subscriptionsummary&uri=full=3100001~!298672~!1&ri=13&aspect=Keyword&menu=search&ipp=20&spp=20&staffonly=&term=Kramer&index=.AW&uindex=&oper=&term=Marshall&index=.TW&uindex=&aspect=Keyword&menu=search&ri=13&addkeys=bkey298672"
Baltimore Federal,Painted Aluminum,Sculpture,19760000,19780000,540,648,216,,,,,George,Sugarman,19120000,19990000,,Downtown West,"Edward A. Garmatz Federal Building, 101 W. Lombard St.",39.286863,-76.61705460000002,true,U.S. Federal Goverment (General Services Administration),,,,,,,,"IAS 75002802, 20140807, http://siris-artinventories.si.edu/ipac20/ipac.jsp?session=14B7G32633K26.702&profile=ariall&source=~!siartinventories&view=subscriptionsummary&uri=full=3100001~!5153~!1&ri=15&aspect=Keyword&menu=search&ipp=20&spp=20&staffonly=&term=Sugarman&index=.AW&uindex=&oper=&term=Baltimore&index=.TW&uindex=&aspect=Keyword&menu=search&ri=15"
Fan Figure,Polished Stainless Steel,Sculpture,,19870000,300,156,156,,,,,Greg,Moring,19490000,,,Downtown West,"Convention Center, 1 W. Pratt",39.285605,-76.61637539999998,true,Baltimore Development Corporation,,,,,,,,"IAS MD000218, 20140807, http://siris-artinventories.si.edu/ipac20/ipac.jsp?session=14B7G32633K26.702&profile=ariall&source=~!siartinventories&view=subscriptionsummary&uri=full=3100001~!329694~!2&ri=18&aspect=Keyword&menu=search&ipp=20&spp=20&staffonly=&term=Moring&index=.AW&uindex=&aspect=Keyword&menu=search&ri=18"
Red Bouyant,Painted Aluminum,Sculpture,,19780000,144,240,204,,,,,Mary Ann,Mears,19460000,,,Inner Harbor,"IBM Building Plaza, 100 E. Pratt",39.2872198,-76.6129075,true,Baltimore Development Corporation,,,,,,,,"IAS 87800012, 20140807, http://siris-artinventories.si.edu/ipac20/ipac.jsp?session=14B7G32633K26.702&menu=search&aspect=Keyword&npp=50&ipp=20&spp=20&profile=ariall&ri=&source=~!siartinventories&term=&index=.GW&x=12&y=7&aspect=Keyword&term=Mears&index=.AW&term=Red&index=.TW&term=&index=.SW&term=&index=.FW&term=&index=.OW&term=&index=.NW"
Triaxial Link,Concrete,Sculpture,,20040000,,,,,,,,William,Niebauer,19740000,,,Inner Harbor,"Baltimore Visitor Center, 401 Light St",39.283911,-76.6122758,,Baltimore City Percent for Art program,,,,,,,,
King Penguin,Marble,Sculpture,,19560000,41,12,10,,,,,Grace Hill,Turnbull,18800000,19760000,,Inner Harbor,"Inner Harbor Pomenade, 561 Light St.",39.283347,76.611839,true,Penguin Books,,,,,,,,"IAS MD000237, 20140807, http://siris-artinventories.si.edu/ipac20/ipac.jsp?session=14B7G32633K26.702&menu=search&aspect=Keyword&npp=50&ipp=20&spp=20&profile=ariall&ri=&source=~!siartinventories&term=&index=.GW&x=0&y=0&aspect=Keyword&term=Turnbull&index=.AW&term=King&index=.TW&term=&index=.SW&term=&index=.FW&term=&index=.OW&term=&index=.NW"
Easy Landing,Stainless Steel,Sculpture,,19770000,288,864,600,,,,,Kenneth,Snelson,19270000,,,Inner Harbor,"Inner Harbor Promenade, 601 Light St.",39.2812561,-76.6118841,true,Baltimore City Department of Housing and Community Development,,,,,,,,"IAS 87800001, 20140807, http://siris-artinventories.si.edu/ipac20/ipac.jsp?session=14B7G32633K26.702&menu=search&aspect=Keyword&npp=50&ipp=20&spp=20&profile=ariall&ri=&source=~!siartinventories&term=&index=.GW&x=13&y=11&aspect=Keyword&term=Snelson&index=.AW&term=Easy&index=.TW&term=&index=.SW&term=&index=.FW&term=&index=.OW&term=&index=.NW"
Under Sky/One Family,Steel,Sculpture,,19800000,70,36,78,,,,,Mark,di Suvero,19330000,,,Inner Harbor,401 E. Pratt,39.2860269,-76.6096483,true,"National Endowment for the Arts, Art in Public Places program",,,,,,,,"IAS 87800008, 20140807, http://siris-artinventories.si.edu/ipac20/ipac.jsp?session=14B7G32633K26.702&menu=search&aspect=Keyword&npp=50&ipp=20&spp=20&profile=ariall&ri=&source=~!siartinventories&term=&index=.GW&x=12&y=11&aspect=Keyword&term=di+Suvero&index=.AW&term=Under&index=.TW&term=&index=.SW&term=&index=.FW&term=&index=.OW&term=&index=.NW"
Family of Dolphins,Bronze,Sculpture,,19910000,58,144,228,,,,,Leonard,Streckfus,19510000,,,Inner Harbor,"National Aquarium, 501 E. Pratt",39.2857182,-76.6082945,true,National Aquarium,,,,AR & T ARTS RESEARCH & TECHNOLOGY,Lancaster,PA,U.S.,"IAS MD000558, 20140807, http://siris-artinventories.si.edu/ipac20/ipac.jsp?session=14B7G32633K26.702&profile=ariall&source=~!siartinventories&view=subscriptionsummary&uri=full=3100001~!338628~!1&ri=36&aspect=Keyword&menu=search&ipp=20&spp=20&staffonly=&term=Streckfus&index=.AW&uindex=&aspect=Keyword&menu=search&ri=36"
Family of Dolphins,,,,,,,,,,,,,,,,,,,,,,,,,,The Fountain People Inc.,San Marcos,TX ,U.S.,
Columbus Monument,Marble,Monument,,19840000,,,,,,,,Mauro,Bigarani,19400000,,,Inner Harbor,"Columbus Piazza, Fawn and South President St.",39.2857966,-76.6031553,true,The Italian American Organization United of Maryland and the Italian American community of Baltimore,,,,,,,Italy,
National Katyn Memorial,Bronze,Monument,,20000000,528,,,,,,,Andrezj,Pitynski,19470000,,,Inner Harbor,Katyn Circle at President and Aliceanna Streets,39.2830539,-76.6018082,true,National Katyn Memorial Committee,,,,,,,Poland,
Untitled 3,Pink Tennessee Marble,Sculpture,19760915,19761130,48,80,53,"Fabricated in place at the Shot tower over the course of the Symposium, relocated to current position in early 1990's",,,,Hiroshi,Mikami,19440000,,,Inner Harbor,"Commerce Street Park, Lombard and Commerce Streets",39.2878467,-76.61010729,true,International Sculputure Symposium of Baltimore and City of Baltimore,,,,,,,,"IAS MD000228, 20140807, http://siris-artinventories.si.edu/ipac20/ipac.jsp?session=14H744549390C.796&menu=search&aspect=Keyword&npp=50&ipp=20&spp=20&profile=ariall&ri=&source=~!siartinventories&term=&index=.GW&x=10&y=9&aspect=Keyword&term=Mikami&index=.AW&term=&index=.TW&term=&index=.SW&term=&index=.FW&term=&index=.OW&term=&index=.NW"
Untitled 4,Painted Steel,Sculpture,,19820000,99,96,96,,,,,Greg,Moring,19490000,,,Inner Harbor,"Commerce Street Park, Lombard and Commerce Streets",39.2878467,-76.61010729,true,,Greg,Moring,,,,,,"IAS MD000475, 20140807, http://siris-artinventories.si.edu/ipac20/ipac.jsp?session=14H744549390C.796&profile=ariall&source=~!siartinventories&view=subscriptionsummary&uri=full=3100001~!337214~!4&ri=4&aspect=Keyword&menu=search&ipp=20&spp=20&staffonly=&term=Moring&index=.AW&uindex=&aspect=Keyword&menu=search&ri=4"
Untitled 5,Black Tennessee Marble,Sculpture,19760915,19761030,53,86,42,"Fabricated in place at the Shot tower over the course of the Symposium, relocated to current position in early 1990's",,,,Gerard,Howeler,19400000,,,Inner Harbor,"Commerce Street Park, Lombard and Commerce Streets",39.2878467,-76.61010729,true,International Sculputure Symposium of Baltimore and City of Baltimore,Gerard,Howeler,,,,,,"IAS MD000236,20140807,http://siris-artinventories.si.edu/ipac20/ipac.jsp?session=14H744549390C.796&menu=search&aspect=Keyword&npp=50&ipp=20&spp=20&profile=ariall&ri=&source=~!siartinventories&term=&index=.GW&x=12&y=10&aspect=Keyword&term=Howeler&index=.AW&term=&index=.TW&term=&index=.SW&term=&index=.FW&term=&index=.OW&term=&index=.NW"
The Flame,Bronze,Monument,,19870000,132,72,72,,,,,Joseph,Sheppard,19300000,,,Inner Harbor,Gay and Lombard Streets,39.287762,-76.608749,true,,Jack and Jean,Luskin,,,,,,"IAS MD000557,20140807,http://siris-artinventories.si.edu/ipac20/ipac.jsp?session=14H744549390C.796&menu=search&aspect=Keyword&npp=50&ipp=20&spp=20&profile=ariall&ri=&source=~!siartinventories&term=&index=.GW&x=13&y=12&aspect=Keyword&term=Sheppard&index=.AW&term=Flame&index=.TW&term=&index=.SW&term=&index=.FW&term=&index=.OW&term=&index=.NW"
The Flame,,,,,,,,,,,,,,,,,,,,,,,Jeanne and Melvin,Berger,,,,,,
Diamond #II-III,Cor-Ten Steel,Sculpture,,19690000,196,160,48,,,,,Antoni,Milkowski,19350000,20010000,,Downtown,2 Hopkins Plaza,39.289323,-76.61633,true,"British American Properties, Ltd.",,,,,,,,"IAS MD000005, 20140807,http://siris-artinventories.si.edu/ipac20/ipac.jsp?session=U40J450961B63.818&menu=search&aspect=Keyword&npp=50&ipp=20&spp=20&profile=ariall&ri=&source=~!siartinventories&term=&index=.GW&x=12&y=11&aspect=Keyword&term=Milkowski&index=.AW&term=Diamond&index=.TW&term=&index=.SW&term=&index=.FW&term=&index=.OW&term=&index=.NW"
Swing Over,Aluminum,Sculpture,,20040000,,,,,,,,Alice,Aycock,19460000,,,Downtown,31 Hopkins Plaza,39.289226,-76.616327,true,U.S. Federal Goverment (General Services Administration),,,,Arrow Dynamica,Clearfield,Utah,U.S.,
Birth of Venus,Bronze,Sculpture,,19840000,86,21,21,,,,,Jonathan,Silver,19370000,19920000,,Downtown,Hopkins Plaza,39.289226,-76.616327,true,Municipal Art Society of Baltimore City,,,,,,,,"IAS MD000474,20140807, http://siris-artinventories.si.edu/ipac20/ipac.jsp?session=1K074568735J9.851&profile=ariall&source=~!siartinventories&view=subscriptionsummary&uri=full=3100001~!337213~!1&ri=1&aspect=Keyword&menu=search&ipp=20&spp=20&staffonly=&term=Silver&index=.AW&uindex=&oper=&term=Venus&index=.TW&uindex=&aspect=Keyword&menu=search&ri=1"
Mercury and Commerce,Granite,Sculpture,,19060000,,,,,,,,John,Evans,18470000,19230000,,Downtown,"B&O Railroad Building, 2 N. Charles St.",39.289807,-76.6156019,true,Baltimore & Ohio Railroad,,,,,,,,"IAS MD000553, 20140807,http://siris-artinventories.si.edu/ipac20/ipac.jsp?session=1K074568735J9.851&profile=ariall&source=~!siartinventories&view=subscriptionsummary&uri=full=3100001~!338623~!0&ri=3&aspect=Keyword&menu=search&ipp=20&spp=20&staffonly=&term=Evans&index=.AW&uindex=&oper=&term=Mercury&index=.TW&uindex=&aspect=Keyword&menu=search&ri=3"
Mayor Thomas D'Alesandro Jr.,Bronze,Sculpture,,19870000,78,32,21,,,,,Lloyd,Lillie,19320000,,,Downtown,1 Charles Center Plaza,39.291242,-76.616372,true,Shelter Development and Charles Center-Inner Harbor Management,,,,Tallix,Beacon,NY,U.S.,"IAS 74040005, 20140807,http://siris-artinventories.si.edu/ipac20/ipac.jsp?session=1K074568735J9.851&menu=search&aspect=Keyword&npp=50&ipp=20&spp=20&profile=ariall&ri=&source=~!siartinventories&term=&index=.GW&x=13&y=13&aspect=Keyword&term=Lillie&index=.AW&term=Mayor&index=.TW&term=&index=.SW&term=&index=.FW&term=&index=.OW&term=&index=.NW"
Mayor Thomas D'Alesandro Jr.,,,,,55,60,44,,,,,,,,,,,,,,,,,,,,,,,
Moses and Christ,Marble,Sculpture,,18170000,72,36,,,,,,Antonio,Capellano,17800000,18400000,,Downtown,"St. Paul's Episcopal Church, 233 North Charles",39.292072,-76.6149499,true,St. Paul Episcopal Church,,,,,,,,"IAS 75006028, 20140807, http://siris-artinventories.si.edu/ipac20/ipac.jsp?session=1K074568735J9.851&profile=ariall&source=~!siartinventories&view=subscriptionsummary&uri=full=3100001~!11331~!12&ri=6&aspect=Keyword&menu=search&ipp=20&spp=20&staffonly=&term=Capellano&index=.AW&uindex=&aspect=Keyword&menu=search&ri=6"
Moses and Christ,,,,,72,36,,,,,,,,,,,,,,,,,,,,,,,,
James Cardinal Gibbons,Bronze,Sculpture,,19670000,88,29.5,26,,,,,Betti,Richard,19160000,,,Downtown,"Basilica of the Assumption, 409 Cathedral St.",39.2946171,-76.6166183,true,Cardinal Gibbons Foundation,,,,,,,,"IAS MD000555,20140807,http://siris-artinventories.si.edu/ipac20/ipac.jsp?session=1K074568735J9.851&menu=search&aspect=Keyword&npp=50&ipp=20&spp=20&profile=ariall&ri=&source=~!siartinventories&term=&index=.GW&x=16&y=10&aspect=Keyword&term=Richard&index=.AW&term=Gibbons&index=.TW&term=&index=.SW&term=&index=.FW&term=&index=.OW&term=&index=.NW"
Fire Chariot,Bronze,Sculpture,,19730000,132,47,88,,,,,Roger,Majorowicz,19310000,,,Downtown,"John F. Steadman Fire House, S. Eutaw and W. Lombard Streets",39.2875231,-76.6208115,true,Baltamore City Percent for Art program,,,,,,,,"IAS MD000466, 20140808, http://siris-artinventories.si.edu/ipac20/ipac.jsp?session=1407533H97855.1290&profile=ariall&source=~!siartinventories&view=subscriptionsummary&uri=full=3100001~!337205~!13&ri=5&aspect=Keyword&menu=search&ipp=20&spp=20&staffonly=&term=Majorowicz&index=.AW&uindex=&aspect=Keyword&menu=search&ri=5"
Pope John Paul II,Bronze,Sculpture,,20080000,,,,,,,,Joseph,Sheppard,19300000,,,Downtown,"Pope John Paul II Prayer Garden, N. Charles and Franklin St.",39.2946411,-76.6156311,true,Friends of the Basilica of the Assumption Historic Trust,,,,,,,,"        
IAS 71500874, 20140807,http://siris-artinventories.si.edu/ipac20/ipac.jsp?session=1K074568735J9.851&menu=search&aspect=Keyword&npp=50&ipp=20&spp=20&profile=ariall&ri=&source=~!siartinventories&term=&index=.GW&x=7&y=12&aspect=Keyword&term=Sheppard&index=.AW&term=Pope&index=.TW&term=&index=.SW&term=&index=.FW&term=&index=.OW&term=&index=.NW"
Double Gamut,"Painted aluminum, bronze, and copper",Sculpture,,19910000,132,168,42,,12.jpg,12_235x235.jpg,small,Linda,DePalma,19460000,,,Downtown,"Franklin St. Garage, 15 W. Franklin",39.2949291,-76.6160324,true,Baltamore City Percent for Art program,,,,,,,,"IAS MD000302, 20140807,http://siris-artinventories.si.edu/ipac20/ipac.jsp?session=1K074568735J9.851&menu=search&aspect=Keyword&npp=50&ipp=20&spp=20&profile=ariall&ri=&source=~!siartinventories&term=&index=.GW&x=0&y=0&aspect=Keyword&term=DePalma&index=.AW&term=Gamut&index=.TW&term=&index=.SW&term=&index=.FW&term=&index=.OW&term=&index=.NW"
Double Gamut,,,,,,,,,,,,Paul,Daniel,19500000,,,,,,,,,,,,,,,,
Angel of Truth,Terra cotta,Sculpture,,18180000,90,,,replaced entirely by an exact replica fabricated by Henry Berge in 1960,,,,Antonio,Capellano,17800000,18400000,,Mount Vernon,"First Unitarian Church, 12 W. Franklin",39.2955496,-76.6157733,true,First Unitarian Church,,,,,,,,"IAS 75006007, 20140807,http://siris-artinventories.si.edu/ipac20/ipac.jsp?session=1K074568735J9.851&profile=ariall&source=~!siartinventories&view=subscriptionsummary&uri=full=3100001~!11310~!1&ri=15&aspect=Keyword&menu=search&ipp=20&spp=20&staffonly=&term=capellano&index=.AW&uindex=&oper=&term=angel&index=.TW&uindex=&aspect=Keyword&menu=search&ri=15"
Washington Monument,"Cockeysville, MD marble",Monument,18150704,18291129,2256,240,240,Sculptor Causici; Architectue Mills,,,,Enrico,Causici,17900000,18350000,,Mount Vernon,N. Charles and Monument St.,39.297522,-76.61567,true,State of Maryland and citizens of Baltimore,,,,,,,,"IAS 75006044, 20140807, http://siris-artinventories.si.edu/ipac20/ipac.jsp?session=14K74657708FR.899&profile=ariall&source=~!siartinventories&view=subscriptionsummary&uri=full=3100001~!11346~!7&ri=1&aspect=Keyword&menu=search&ipp=20&spp=20&staffonly=&term=Causici&index=.AW&uindex=&aspect=Keyword&menu=search&ri=1"
Washington Monument,,,,,,,,,,,,Robert,Mills,17810000,18550000,,,,,,,,,,,,,,,
War,Bronze,Sculpture,,18850000,40,28,36,copied by artist from marble original,,,,Antoine-Louis,Barye,17960000,18750000,,Mount Vernon,N. Charles and Monument St.,39.297522,-76.61567,true,,William,Walters,,,,,,"IAS MD000325, 20140807, http://siris-artinventories.si.edu/ipac20/ipac.jsp?session=14K74657708FR.899&menu=search&aspect=Keyword&npp=50&ipp=20&spp=20&profile=ariall&ri=&source=~!siartinventories&term=&index=.GW&x=14&y=11&aspect=Keyword&term=Barye&index=.AW&term=War&index=.TW&term=&index=.SW&term=&index=.FW&term=&index=.OW&term=&index=.NW"
Peace,Bronze,Sculpture,,18850000,38,26,34,copied by artist from marble original,,,,Antoine-Louis,Barye,17960000,18750000,,Mount Vernon,N. Charles and Monument St.,39.297522,-76.61567,true,,William,Walters,,F. BARBEDIENNE,Paris,,France,"IAS MD000326, 20140807, http://siris-artinventories.si.edu/ipac20/ipac.jsp?session=14K74657708FR.899&menu=search&aspect=Keyword&npp=50&ipp=20&spp=20&profile=ariall&ri=&source=~!siartinventories&term=&index=.GW&x=0&y=0&aspect=Keyword&term=Barye&index=.AW&term=Peace&index=.TW&term=&index=.SW&term=&index=.FW&term=&index=.OW&term=&index=.NW"
Seated Lion,Bronze,Sculpture,,18850000,75,38,73,copied by artist from marble original,,,,Antoine-Louis,Barye,17960000,18750000,,Mount Vernon,West Mount Vernon Square,39.3508059,-76.7136491,true,,William,Walters,,F. BARBEDIENNE,Paris,,France,"IAS 75005995, 20140808, http://siris-artinventories.si.edu/ipac20/ipac.jsp?session=O40747081M97L.920&profile=ariall&source=~!siartinventories&view=subscriptionsummary&uri=full=3100001~!11298~!0&ri=1&aspect=Keyword&menu=search&ipp=20&spp=20&staffonly=&term=Barye&index=.AW&uindex=&oper=&term=Lion&index=.TW&uindex=&aspect=Keyword&menu=search&ri=1"
Boy and Turtle Fountain,Bronze,Sculpture,,19160000,60,36,36,"restored, 1992",,,,Henri,Crenier,18730000,19480000,,Mount Vernon,West Mount Vernon Square,39.3508059,-76.7136491,true,Municipal Art Society of Baltimore City,,,,,,,,"IAS 75005998, 20140808, http://siris-artinventories.si.edu/ipac20/ipac.jsp?session=O40747081M97L.920&profile=ariall&source=~!siartinventories&view=subscriptionsummary&uri=full=3100001~!11301~!1&ri=3&aspect=Keyword&menu=search&ipp=20&spp=20&staffonly=&term=Crenier&index=.AW&uindex=&oper=&term=Boy&index=.TW&uindex=&aspect=Keyword&menu=search&ri=3"
Military Courage,Bronze,Sculpture,,18850000,70,24,32,copied by artist from 1879 original,,,,Paul,Dubois,18290000,19050000,,Mount Vernon,West Mount Vernon Square,39.3508059,-76.7136491,true,,William,Walters,,F. BARBEDIENNE,Paris,,France,"IAS 75006021, 20140808, http://siris-artinventories.si.edu/ipac20/ipac.jsp?session=O40747081M97L.920&menu=search&aspect=Keyword&npp=50&ipp=20&spp=20&profile=ariall&ri=&source=~!siartinventories&term=&index=.GW&x=12&y=9&aspect=Keyword&term=Dubois&index=.AW&term=Courage&index=.TW&term=&index=.SW&term=&index=.FW&term=&index=.OW&term=&index=.NW"
Roger B. Taney Monument,Bronze,Monument,,18870000,86,47,62,copy of 1872 original,,,,William,Rinehart,18250000,18740000,,Mount Vernon,North Mount Vernon Square,39.29829,-76.615517,true,,William,Walters,,Royan Foundry,,,,"IAS 75006033, 20140808, http://siris-artinventories.si.edu/ipac20/ipac.jsp?session=1407J089D435J.1091&profile=ariall&source=~!siartinventories&view=subscriptionsummary&uri=full=3100001~!11336~!2&ri=1&aspect=Keyword&menu=search&ipp=20&spp=20&staffonly=&term=Rinehart&index=.AW&uindex=&oper=&term=Taney&index=.TW&uindex=&aspect=Keyword&menu=search&ri=1"
John Eager Howard Monument,Bronze,Monument,,19030000,144,54,114,,,,,Emmanuel,Fremiet,18240000,19100000,,Mount Vernon,North Mount Vernon Square,39.29829,-76.615517,true,Municipal Art Society of Baltimore City,,,,LEBLANC-BARBEDIENNE,Paris,,France,"IAS MD000478, 20140808,http://siris-artinventories.si.edu/ipac20/ipac.jsp?session=1407J089D435J.1091&menu=search&aspect=Keyword&npp=50&ipp=20&spp=20&profile=ariall&ri=&source=~!siartinventories&term=&index=.GW&x=10&y=12&aspect=Keyword&term=Fremiet&index=.AW&term=Howard&index=.TW&term=&index=.SW&term=&index=.FW&term=&index=.OW&term=&index=.NW"
Force,Bronze,Sculpture,,18850000,39,28,32,copied by artist from marble original,,,,Antoine-Louis,Barye,17960000,18750000,,Mount Vernon,East Mount Vernon Square,39.297544,-76.615239,true,,William,Walters,,F. BARBEDIENNE.FONDEUR,,,,"IAS MD000327,20140808, http://siris-artinventories.si.edu/ipac20/ipac.jsp?session=1407J089D435J.1091&menu=search&aspect=Keyword&npp=50&ipp=20&spp=20&profile=ariall&ri=&source=~!siartinventories&term=&index=.GW&x=7&y=8&aspect=Keyword&term=Barye&index=.AW&term=Force&index=.TW&term=&index=.SW&term=&index=.FW&term=&index=.OW&term=&index=.NW"
Order,Bronze,Sculpture,,18850000,38,27,33,copied by artist from marble original,,,,Antoine-Louis,Barye,17960000,18750000,,Mount Vernon,East Mount Vernon Square,39.297544,-76.615239,true,,William,Walters,,F. BARBEDIENNE.FONDEUR,,,,"IAS MD000328, 20140808, http://siris-artinventories.si.edu/ipac20/ipac.jsp?session=1407J089D435J.1091&menu=search&aspect=Keyword&npp=50&ipp=20&spp=20&profile=ariall&ri=&source=~!siartinventories&term=&index=.GW&x=11&y=14&aspect=Keyword&term=Barye&index=.AW&term=Order&index=.TW&term=&index=.SW&term=&index=.FW&term=&index=.OW&term=&index=.NW"
George Peabody Monument,Bronze,Monument,,18900000,84,40,64,copy of 1869 original,,,,William Wetmore,Story,18190000,18950000,,Mount Vernon,East Mount Vernon Square,39.297544,-76.615239,true,,Robert,Garrett,,Fonderia Nelli,Rome,,Italy,"IAS 75006024, 20140808, http://siris-artinventories.si.edu/ipac20/ipac.jsp?session=1407J089D435J.1091&profile=ariall&source=~!siartinventories&view=subscriptionsummary&uri=full=3100001~!11327~!2&ri=12&aspect=Keyword&menu=search&ipp=20&spp=20&staffonly=&term=Peabody&index=.TW&uindex=&oper=&term=Baltimore&index=.OW&uindex=&aspect=Keyword&menu=search&ri=12"
The Naiad,Bronze,Sculpture,,19620000,33.25,22,31.5,copyrighted 1933,,,,Grace Hill,Turnbull,18800000,19760000,,Mount Vernon,East Mount Vernon Square,39.297544,-76.615239,true,Women's Civic League,,,,,,,,"IAS 75006022, 20140808,http://siris-artinventories.si.edu/ipac20/ipac.jsp?session=1407J089D435J.1091&menu=search&aspect=Keyword&npp=50&ipp=20&spp=20&profile=ariall&ri=&source=~!siartinventories&term=&index=.GW&x=11&y=8&aspect=Keyword&term=Turnbull&index=.AW&term=&index=.TW&term=Naiad&index=.SW&term=&index=.FW&term=&index=.OW&term=&index=.NW"
Severn Teakle Wallis Monument,Bronze,Monument,,19040000,94,40,30,,,,,Laurent,Marqueste,18480000,19200000,,Mount Vernon,East Mount Vernon Square,39.297544,-76.615239,true,Municipal Art Society of Baltimore City,,,,LEBLANC-BARBEDIENNE,Paris,,France,"IAS 75006036, 20140808,http://siris-artinventories.si.edu/ipac20/ipac.jsp?session=1407J089D435J.1091&menu=search&aspect=Keyword&npp=50&ipp=20&spp=20&profile=ariall&ri=&source=~!siartinventories&term=&index=.GW&x=11&y=9&aspect=Keyword&term=Marqueste&index=.AW&term=&index=.TW&term=Wallis&index=.SW&term=&index=.FW&term=&index=.OW&term=&index=.NW"
Lafayette Monument,Bronze,Monument,,19240000,192,96,192,,,,,Andrew,O'Connor,18740000,1955,,Mount Vernon,South Mount Vernon Square,39.297106,-76.615653,true,City of Baltimore,,,,T. F. MCGANN & SONS CO,Boston,MA,U.S.,"IAS 75006014, 20140808, http://siris-artinventories.si.edu/ipac20/ipac.jsp?session=1407J089D435J.1091&menu=search&aspect=Keyword&npp=50&ipp=20&spp=20&profile=ariall&ri=&source=~!siartinventories&term=&index=.GW&x=10&y=8&aspect=Keyword&term=O%27Connor&index=.AW&term=&index=.TW&term=Lafayette&index=.SW&term=&index=.FW&term=&index=.OW&term=&index=.NW"
Sea Urchin,Bronze,Sculpture,,19590000,77,31,25,"enlarged copy created by son of Edward Berge; original stood in the same location 1925-1959; original moved to Decker Garden, Johns Hopkins University",,,,Henry,Berge,19080000,19980000,,Mount Vernon,South Mount Vernon Square,39.297106,-76.615653,true,,Frederick,Huber,,,,,,"IAS 75006030, 20140808, http://siris-artinventories.si.edu/ipac20/ipac.jsp?session=1407J089D435J.1091&profile=ariall&source=~!siartinventories&view=subscriptionsummary&uri=full=3100001~!11333~!17&ri=21&aspect=Keyword&menu=search&ipp=20&spp=20&staffonly=&term=Berge&index=.AW&uindex=&oper=&term=Baltimore&index=.OW&uindex=&aspect=Keyword&menu=search&ri=21"
William T. Walters,Bronze,Sculpture,,19070000,34,28,,enlarged copy of artist's 1867 original ,,,,William,Rinehart,18250000,18740000,,Mount Vernon,Walters Art Museum Charles St. Entrance,39.296581,-76.615911,true,,Henry,Walters,,LEBLANC-BARBEDIENNE,Paris,,France,"IAS 19400009,20140808,http://siris-artinventories.si.edu/ipac20/ipac.jsp?session=1407J089D435J.1091&profile=ariall&source=~!siartinventories&view=subscriptionsummary&uri=full=3100001~!296704~!4&ri=23&aspect=Keyword&menu=search&ipp=20&spp=20&staffonly=&term=Rinehart&index=.AW&uindex=&oper=&term=Walters&index=.SW&uindex=&aspect=Keyword&menu=search&ri=23"
The Battle Monument,Marble,Monument,18150912,18250000,624,,,Sculptor Capellano; Architect Godefroy. On 5 Oct. 2013 the sculpture Lady Baltimore was replaced with a replica. The original is located at Maryland Historical Society Museum and Library in Mount Vernon,,,,Antonio,Capellano,17800000,18400000,,Downtown,"Battle Monument Plaza, Calvert and Fayette Streets",39.290672,-76.6124,true,Citizens of Baltimore,,,,,,,,"IAS 75005996, 20140808, http://siris-artinventories.si.edu/ipac20/ipac.jsp?session=I40J5B9936444.1182&profile=ariall&source=~!siartinventories&view=subscriptionsummary&uri=full=3100001~!11299~!11&ri=3&aspect=Keyword&menu=search&ipp=20&spp=20&staffonly=&term=Capellano&index=.AW&uindex=&aspect=Keyword&menu=search&ri=3"
The Battle Monument,,,,,,,,,,,,Maximilian,Godefroy,17650000,18400000,,,,,,,,,,,,,,,
Cecilius Calvert Monument,Bronze,Monument,,19080000,102,57,35,,,,,Albert,Weinert,18630000,19470000,,Downtown,"Clarence M. Mitchell Jr. Courthouse, St. Paul St. entrance",39.290806,-76.613814,true,Society of Colonial Wars in Maryland,,,,ROMAN BRONZE WORKS,,NY,U.S.,"IAS 75005999, 20140808, http://siris-artinventories.si.edu/ipac20/ipac.jsp?session=I40J5B9936444.1182&menu=search&aspect=Keyword&npp=50&ipp=20&spp=20&profile=ariall&ri=&source=~!siartinventories&term=&index=.GW&x=14&y=10&aspect=Keyword&term=Weinert&index=.AW&term=&index=.TW&term=Calvert&index=.SW&term=&index=.FW&term=&index=.OW&term=&index=.NW"
John Mifflin Hood Monument,Bronze and Granite or Marble,Monument,,19110000,222,82,82,"Originally located at Baltimore and Liberty Streets, relocated in 1963",,,,Richard,Brooks,18650000,19190000,,Downtown,"Preston Gardens, St. Paul Place and Saratoga",39.29275,-76.613694,true,City of Baltimore,,,,J. MALESSET FONDEUR D'ART,Paris,,France,"IAS 75006010, 20140808, http://siris-artinventories.si.edu/ipac20/ipac.jsp?session=I40J5B9936444.1182&menu=search&aspect=Keyword&npp=50&ipp=20&spp=20&profile=ariall&ri=&source=~!siartinventories&term=&index=.GW&x=11&y=5&aspect=Keyword&term=Brooks&index=.AW&term=&index=.TW&term=Hood&index=.SW&term=&index=.FW&term=&index=.OW&term=&index=.NW"
John Mifflin Hood Monument,,,,,,,,,,,,,,,,,,Baltimore and Liberty Streets,,,false,,,,,,,,,
"Catherine McAuley, Foundress of the Sisters of Mercy, 1831",Bronze,Sculpture,,20001111,,,,,,,,Sister Marie,Henderson,19490000,,,Downtown,301 St. Paul Place,39.292549,-76.613548,true,Board of Trustees of Mercy Health Services,,,,,,,,
Untitled 6,Concrete,Sculpture,,19310000,,,,,,,,Benjamin,Kurtz,18990000,19660000,,Downtown,225 Holiday St.,39.291847,-76.610001,true,Baltimore Gas & Electric Company,,,,,,,,"IAS 75006346, 20140808, http://siris-artinventories.si.edu/ipac20/ipac.jsp?session=140VG255914J8.1220&profile=ariall&source=~!siartinventories&view=subscriptionsummary&uri=full=3100001~!11641~!6&ri=1&aspect=Keyword&menu=search&ipp=20&spp=20&staffonly=&term=Kurtz&index=.AW&uindex=&aspect=Keyword&menu=search&ri=1"
Untitled 6,,,,,,,,,,,,Robert,MacKall,18890000,19820000,,,,,,,,,,,,,,,
Negro Soldier's Monument,Bronze,Monument,19710000,19720000,162,39.5,55,Originally located at the North end of Battle Monument Plaza; moved to current location 2007,,,,James,Lewis,19230000,20070000,,Downtown,"War Memorial Plaza, N. Holliday and Fayette Streets",39.290936,-76.610033,true,,Anonymous,,,ROMAN BRONZE WORKS,,NY,U.S.,"IAS MD000550, 20140808, http://siris-artinventories.si.edu/ipac20/ipac.jsp?session=140VG255914J8.1220&profile=ariall&source=~!siartinventories&view=subscriptionsummary&uri=full=3100001~!338620~!1&ri=3&aspect=Keyword&menu=search&ipp=20&spp=20&staffonly=&term=Lewis&index=.AW&uindex=&oper=&term=Negro&index=.TW&uindex=&aspect=Keyword&menu=search&ri=3"
Negro Soldier's Monument,,,,,,,,,,,,,,,,,,North end of Battle Monument Plaza,,,false,,,,,,,,,
Fire Fighter's Monument,Bronze and granite,Monument,,19900000,,,,,,,,Tylden,Streett,19220000,,,Downtown,Gay and Lexington Streets,39.291464,-76.609244,true,Baltimore City Fire Fighter's Moument Committee,,,,BEDDI-MAKKI ART FOUNDRY,"Greenpoint, Brooklyn",NY,U.S.,"IAS MD000468, 20140808, http://siris-artinventories.si.edu/ipac20/ipac.jsp?session=140VG255914J8.1220&menu=search&aspect=Keyword&npp=50&ipp=20&spp=20&profile=ariall&ri=&source=~!siartinventories&term=&index=.GW&x=13&y=8&aspect=Keyword&term=Streett&index=.AW&term=Fire&index=.TW&term=&index=.SW&term=&index=.FW&term=&index=.OW&term=&index=.NW"
Aquatic Sea Horses,Limestone,Sculpture,,19271111,144,72,180,Two sculptures,,,,Amateis,Edmond,18970000,19810000,,Downtown,101 N. Gay Street,39.290973,-76.608407,true,City of Baltimore,,,,,,,,"IAS 75006037, 20140808, http://siris-artinventories.si.edu/ipac20/ipac.jsp?session=140VG255914J8.1220&menu=search&aspect=Keyword&npp=50&ipp=20&spp=20&profile=ariall&ri=&source=~!siartinventories&term=&index=.GW&x=11&y=9&aspect=Keyword&term=Amateis&index=.AW&term=Sea&index=.TW&term=&index=.SW&term=&index=.FW&term=&index=.OW&term=&index=.NW"
Aquatic Sea Horses,,,,,,,,,,,,,,,,,,,,,,State of Maryland,,,,,,,,
Amanogawa,Black Tennessee marble and stainless steel,Sculpture,19760915,19761030,84,88,184,Fabricated in place at the Shot tower over the course of the Symposium,,,,Robert,DuBourg,19440000,,,Jonestown,"Shot Tower Park, 801 E. Fayette St.",39.29086,-76.6057,true,International Sculputure Symposium of Baltimore and City of Baltimore,,,,,,,,"IAS MD000476, 20140808, http://siris-artinventories.si.edu/ipac20/ipac.jsp?session=140VG255914J8.1220&profile=ariall&source=~!siartinventories&view=subscriptionsummary&uri=full=3100001~!337215~!1&ri=11&aspect=Keyword&menu=search&ipp=20&spp=20&staffonly=&term=Du+Bourg&index=.AW&uindex=&aspect=Keyword&menu=search&ri=11"
Baltimore,Black Tennessee marble,Sculpture,,,,,,Fabricated in place at the Shot tower over the course of the First or Second (?) Symposium,,,,William,Bennett,19490000,,,Jonestown,"Shot Tower Park, 801 E. Fayette St.",39.29086,-76.6057,true,International Sculputure Symposium of Baltimore and City of Baltimore,,,,,,,,"IAS MD000476, 20140808, http://siris-artinventories.si.edu/ipac20/ipac.jsp?session=140VG255914J8.1220&profile=ariall&source=~!siartinventories&view=subscriptionsummary&uri=full=3100001~!337215~!1&ri=11&aspect=Keyword&menu=search&ipp=20&spp=20&staffonly=&term=Du+Bourg&index=.AW&uindex=&aspect=Keyword&menu=search&ri=11"
Baltimore City Fraternal Order of Police Memorial,Bronze aned granite,Monument,20020000,20030000,,,,,,,,Ferebe,Streett,19550000,,,Jonestown,"Shot Tower Park, 801 E. Fayette St.",39.29086,-76.6057,true,Baltimore City Fraternal Order of Police,,,,,,,,
Baltimore Passage,Copper,Sculpture,,20070000,276,,,,,,,David,Hess,19640000,,,Jonestown,Albemarle Square,39.288767,-76.603483,true,Housing Authority of Baltimore City,,,,,,,,
Thrones for the Eulipions,Steel,Sculpture,,20050000,,,,two elements several blocks apart,,,,Sam,Holmes,19590000,,,Mount Vernon,N. Howard Street at W. Madison Street,39.2984232,-76.6199543,true,Maryland Transit Administration Adopt-a-Shelter Program,,,,,,,,
Thrones for the Eulipions,,,,,,,,,,,,,,,,,,N. Howard Street at W. Centre Street,39.2961823,-76.6198422,,,,,,,,,,
Redwood Arch,Painted Steel,Sculpture,,19880000,288,708,90,,,,,Linda,DePalma,19460000,,,Downtown,W. Redwood St. between S. Eutaw and S. Paca Streets,39.288689,-76.604753,true,Market Center Development Corporation,,,,,,,,"IAS MD000548, 20140808, http://siris-artinventories.si.edu/ipac20/ipac.jsp?session=1407533H97855.1290&menu=search&aspect=Keyword&npp=50&ipp=20&spp=20&profile=ariall&ri=&source=~!siartinventories&term=&index=.GW&x=11&y=7&aspect=Keyword&term=DePalma&index=.AW&term=Redwood&index=.TW&term=&index=.SW&term=&index=.FW&term=&index=.OW&term=&index=.NW"
Redwood Arch,,,,,,,,,,,,,,,,,,,,,,City of Baltimore,,,,,,,,
Chorale,Painted Steel,Sculpture,,19810000,204,198,186,confirmed removed as of 20140809; location unknown,,,,Isaac,Witkin,19360000,20060000,,University of Maryland,"Social Security Administration Building, N. Greene and W. Franklin Streets",39.294782,-76.6239532,false,"U.S. Federal Government, General Services Administration",,,,,,,,"IAS MD000493, 20130808, http://siris-artinventories.si.edu/ipac20/ipac.jsp?session=1407533H97855.1290&profile=ariall&source=~!siartinventories&view=subscriptionsummary&uri=full=3100001~!337232~!1&ri=8&aspect=Keyword&menu=search&ipp=20&spp=20&staffonly=&term=Witkin&index=.AW&uindex=&oper=&term=Chorale&index=.TW&uindex=&aspect=Keyword&menu=search&ri=8"
Host of the Ellipse,Painted Cor-Ten Steel,Sculpture,,19810000,420,432,96,confirmed removed as of 20140809; location unknown,,,,Ronald,Bladen,19180000,19880000,,University of Maryland,"Social Security Administration Building, Mulberry St. between N. Greene Street and Martin Luther King, Jr. Blvd.",39.294089,-76.626103,false,"U.S. Federal Government, General Services Administration",,,,,,,,"IAS 75002828, 20140808, http://siris-artinventories.si.edu/ipac20/ipac.jsp?session=140754V2511M7.1368&profile=ariall&source=~!siartinventories&view=subscriptionsummary&uri=full=3100001~!5179~!0&ri=1&aspect=Keyword&menu=search&ipp=20&spp=20&staffonly=&term=Bladen&index=.AW&uindex=&oper=&term=Ellipse&index=.TW&uindex=&aspect=Keyword&menu=search&ri=1"
Arbor,Stainless Steel,Sculpture,,20050000,168,192,216,,,,,David,Hess,19640000,,,Mount Vernon,"Mount Vernon Children's Park, E. Madison and N. Calvert Streets",39.298695,-76.6129645,true,,Maureen and Louis,Van Dyck,,,,,,
Fallsway Fountain,Marble,Sculpture,,19150000,360,288,528,"Schuler, sculptor, Pietsch architect. Originally located at The Fallsway and Eager Street, relocated in 1967 due to the construction of Jones Falls Expressway",9.jpg,9_235x235.jpg,small,Hans,Schuler,18740000,19510000,,Mid-town Belvedere,Guilford Ave. and E. Biddle Street,39.3036063,-76.6119114,true,City of Baltimore,,,,,,,,"IAS 75006006, 20140808, http://siris-artinventories.si.edu/ipac20/ipac.jsp?session=140754V2511M7.1368&profile=ariall&source=~!siartinventories&view=subscriptionsummary&uri=full=3100001~!11309~!21&ri=1&aspect=Keyword&menu=search&ipp=20&spp=20&staffonly=&term=Schuler&index=.AW&uindex=&oper=&term=Baltimore&index=.OW&uindex=&aspect=Keyword&menu=search&ri=1"
Fallsway Fountain,,,,,,,,,,,,Theodore,Pietsch,,19300000,,,The Fallsway and Eager St.,,,false,,,,,,,,,
Edgar Allan Poe Monument,Bronze,Monument,19150000,19210000,85,123,141,"Originally located at Wyman Park, moved to current location in 1983",17.jpg,17_235x235.jpg,small,Moses,Ezekiel,18440000,19170000,,Mid-town Belvedere,"University of Baltimore School of Law, 1415 Maryland Ave.",39.306267,-76.6172738,true,Women's Literary Club of Baltimroe,,,,Corinthia Foundry,Rome,,Italy,"IAS 75006025, 20140808, http://siris-artinventories.si.edu/ipac20/ipac.jsp?session=140754V2511M7.1368&menu=search&aspect=Keyword&npp=50&ipp=20&spp=20&profile=ariall&ri=&source=~!siartinventories&term=&index=.GW&x=8&y=10&aspect=Keyword&term=Ezekiel&index=.AW&term=Poe&index=.TW&term=&index=.SW&term=&index=.FW&term=&index=.OW&term=&index=.NW"
Untitled 7,Mayari-R Steel,Sculpture,19760000,19780000,120,720,.5,,,,,William,Leizman,19260000,,,Charles North,1515 N. Charles St.,39.3073578,-76.6156621,true,Municipal Art Society of Baltimore City,,,,Bethlehem Steel,Baltimore,MD,U.S.,"IAS MD000411, 20140808, http://siris-artinventories.si.edu/ipac20/ipac.jsp?session=140754V2511M7.1368&profile=ariall&source=~!siartinventories&view=subscriptionsummary&uri=full=3100001~!334551~!1&ri=1&aspect=Keyword&menu=search&ipp=20&spp=20&staffonly=&term=Leizman&index=.AW&uindex=&aspect=Keyword&menu=search&ri=1"
Caterpillar,Cor-Ten or Mayari-R Steel,Sculpture,,19760000,96,528,48,Four elements,,,,Norman,Carlberg,19280000,,,Barclay,"Dallas F. Nicholas Sr. Elementary School, 201 E. 21st St.",39.31286,-76.6135563,true,Baltimore City Percent for Art program,,,,Dixie Sheet Metal,,,,"IAS 87800003,20140808, http://siris-artinventories.si.edu/ipac20/ipac.jsp?session=1I0755758AJ23.1433&profile=ariall&source=~!siartinventories&view=subscriptionsummary&uri=full=3100001~!298666~!9&ri=1&aspect=Keyword&menu=search&ipp=20&spp=20&staffonly=&term=Carlberg&index=.AW&uindex=&aspect=Keyword&menu=search&ri=1"
Untitled Crab,Copper,Sculpture,,19720000,132,192,96,,,,,Edmond,Whiting,19180000,19750000,,Federal Hill,"Federal Hill Elementary School,1040 William St.",39.2775684,-76.611238,true,Baltimore City Percent for Art program,,,,,,,,"IAS MD000229, 20140809, http://siris-artinventories.si.edu/ipac20/ipac.jsp?session=1407629L64J3W.1899&profile=ariall&source=~!siartinventories&view=subscriptionsummary&uri=full=3100001~!329705~!1&ri=2&aspect=Keyword&menu=search&ipp=20&spp=20&staffonly=&term=Whiting&index=.AW&uindex=&oper=&term=Baltimore&index=.OW&uindex=&aspect=Keyword&menu=search&ri=2"
Major General Samuel Smith Monument,Bronze,Monument,,19170000,180,106,98,"Formerly located Sam Smith Park, Pratt & Light Streets 1953-1970. Formerly located Wyman Park, Charles Street & 29th Street 1918-1953.",,,,Hans,Schuler,18740000,18510000,,Federal Hill,Federal Hill Park,39.2805189,-76.6084164,true,National Star-Spangled Banner Centenial Commission,,,,Roman Bronze Works,,NY,,"IAS 75006031, 20140809, http://siris-artinventories.si.edu/ipac20/ipac.jsp?session=1407629L64J3W.1899&profile=ariall&source=~!siartinventories&view=subscriptionsummary&uri=full=3100001~!11334~!18&ri=4&aspect=Keyword&menu=search&ipp=20&spp=20&staffonly=&term=Schuler&index=.AW&uindex=&oper=&term=Baltimore&index=.OW&uindex=&aspect=Keyword&menu=search&ri=4"
Whirligig,Found metal objects,Sculpture,,19950000,660,,,,,,,Vollis,Simpson,19190000,20130600,,Federal Hill,"American Visionary Art Museum, 800 Key Highway",39.280404,-76.6068783,true,,Ryda,Levi,,,,,,
AVAM Nest,Stainless Steel,Sculpture,,20040000,,,,,,,,David,Hess,19640000,,,Federal Hill,"American Visionary Art Museum, 800 Key Highway",39.280404,-76.6068783,true,American Visionary Art Museum,,,,,,,,
Phoenix,Found metal objects,Sculpture,,19970000,,,,Artist also know as Tom Every and Dr. Evermore,,,,Dr.,Evermor,19380000,,,Federal Hill,"American Visionary Art Museum, 800 Key Highway",39.280404,-76.6068783,true,American Visionary Art Museum,,,,,,,,
Cosmic Galaxy Egg,"Bronze, Shell, colored glass, and fiberglass",Sculpture,,20040000,96,,,,,,,Andrew,Logan,19450000,,,Federal Hill,"American Visionary Art Museum, 800 Key Highway",39.280404,-76.6068783,true,American Visionary Art Museum,,,,,,,,
Fountain Heads,Stone,Sculpture,,20070000,,,,,,,,Ted,Ludwiczak,19270000,,,Federal Hill,"American Visionary Art Museum, 800 Key Highway",39.280404,-76.6068783,true,American Visionary Art Museum,Ted,Ludwiczak,,,,,,
Meditation/Wedding Chapel,Wood,Sculpture,19951000,19960100,,,,,,,,Ben,Wilson,19630000,,,Federal Hill,"American Visionary Art Museum, 800 Key Highway",39.280404,-76.6068783,true,American Visionary Art Museum,,,,,,,,
Critters,Painted Wood,Sculpture,,20060000,,,,Two elements,,,,Clyde,Jones,19380000,,,Federal Hill,"American Visionary Art Museum, 800 Key Highway",39.280404,-76.6068783,true,,Clyde,Jones,,,,,,
Universal Tree of Life,"Double sided mirrors, stained glass, steel, and concrete",Sculpture,,20070000,252,,,,,,,Bob,Benson,19300000,,,Federal Hill,"American Visionary Art Museum, 800 Key Highway",39.280404,-76.6068783,true,,Bob,Benson,,,,,,
Bicycle Man,Found metal objects,Sculpture,,19960000,,,,,,,,Vollis,Simpson,19190000,20130600,,Federal Hill,"American Visionary Art Museum, 800 Key Highway",39.280404,-76.6068783,true,,Vollis,Simpson,,,,,,
Bluebird of Happiness,"Recycled glass, china, and pottery",Sculpture,,20030000,,,,,,,,Dick,Brown,19490000,,,Federal Hill,"American Visionary Art Museum, 800 Key Highway",39.280404,-76.6068783,true,,Dick,Brown,,,,,,
Golden Hand of God,Fiberglass and metal leaf,Sculpture,,20040000,,,180,,,,,Adam,Kurtzman,19570000,,,Federal Hill,"American Visionary Art Museum, 800 Key Highway",39.280404,-76.6068783,true,,Patrick,Hughes,,,,,,
Untitled 8,Painted Aluminum,Sculpture,,19780000,312,192,192,"Moved, in 2002, from the front plaza to the rear of the building",,,,David,von Schlegell,19200000,19220000,,Riverside,"Digital Harbor High School, 1100 Covington St.",39.276917,-76.608314,true,Baltimore City Percent for Art program,David,von Schlegell,,,,,,"IAS 87800006, 20140809, http://siris-artinventories.si.edu/ipac20/ipac.jsp?session=140W6355OW781.1922&profile=ariall&source=~!siartinventories&view=subscriptionsummary&uri=full=3100001~!298669~!41&ri=2&aspect=Keyword&menu=search&ipp=20&spp=20&staffonly=&term=Schlegell&index=.AW&uindex=&aspect=Keyword&menu=search&ri=2"
Working Point,"Steel, stainless steel, and cast-iron found and fabricated parts and concrete",Sculpture,,19970000,,,,,,,,David,Hess,19640000,,,Riverside,"Baltimore Museum of Industry, 1415 Key Highway",39.2739245,-76.6016723,true,Municipal Art Society of Baltimore City,,,,,,,,
Untitled 9,Painted Steel,Sculpture,,19880000,240,96,78,,,,,John,McCarty,19400000,,,Locust Point,"Francis Scott Key Elementary School, 1425 E. Fort Ave.",39.268218,-76.5944976,true,Baltimore City Percent for Art program,,,,,,,,"IAS MD000308, 20140809, http://siris-artinventories.si.edu/ipac20/ipac.jsp?session=14M7O41082935.1957&profile=ariall&source=~!siartinventories&view=subscriptionsummary&uri=full=3100001~!332577~!4&ri=1&aspect=Keyword&menu=search&ipp=20&spp=20&staffonly=&term=McCarty&index=.AW&uindex=&aspect=Keyword&menu=search&ri=1"
Col. George Armistead Monument,Bronze and granite,Monument,,19140000,258,108,108,,,,,Edward,Berge,18760000,19240000,,,"Fort McHenry National Park, 2400 E. Fort Avenue",39.299654,-76.556592,true,City of Baltimore and the Society of the War of 1812,,,,ROMAN BRONZE WORKS,,NY,U.S.,"IAS 75005994, 20140809, http://siris-artinventories.si.edu/ipac20/ipac.jsp?session=14M7O41082935.1957&menu=search&aspect=Keyword&npp=50&ipp=20&spp=20&profile=ariall&ri=&source=~!siartinventories&term=&index=.GW&x=15&y=7&aspect=Keyword&term=Berge&index=.AW&term=Armistead&index=.TW&term=&index=.SW&term=&index=.FW&term=&index=.OW&term=&index=.NW"
Francis Scott Key Monument,Bronze and marble,Monument,,19220000,468,360,360,,,,,Niehaus,Charles,18550000,19350000,,,"Fort McHenry National Park, 2400 E. Fort Avenue",39.299654,-76.556592,true,U.S. Federal Government,,,,,,,,"IAS 75006013,20140809,http://siris-artinventories.si.edu/ipac20/ipac.jsp?session=14M7O41082935.1957&menu=search&aspect=Keyword&npp=50&ipp=20&spp=20&profile=ariall&ri=&source=~!siartinventories&term=&index=.GW&x=11&y=6&aspect=Keyword&term=Niehaus&index=.AW&term=Key&index=.TW&term=&index=.SW&term=&index=.FW&term=&index=.OW&term=&index=.NW"
Energy,Bronze,Sculpture,,19700000,360,54,57,Originally located at the BG&E Co. building at Charles Center Plaza; moved several times to the current inaccesable location.,,,,Francesco,Somaini,19260000,20050000,,,"Wheelabrator Baltimore, 1801 Annapolis Rd.",39.269256,-76.627086,??,Baltimore Gas and Electric Co. and the citizens of Baltimore,,,,,,,,"IAS 75006005, 20140810, http://siris-artinventories.si.edu/ipac20/ipac.jsp?session=140P71FE13186.2374&menu=search&aspect=Keyword&npp=50&ipp=20&spp=20&profile=ariall&ri=&term=&index=.GW&x=11&y=3&aspect=Keyword&term=Somaini&index=.AW&term=Energy&index=.TW&term=&index=.SW&term=&index=.FW&term=&index=.OW&term=&index=.NW"
Brooks Robinson,Bronze,Sculpture,,20110000,108,,,Commissioned by the Babe Ruth Birthplace Foundation,,,,Joseph,Sheppard,19300000,,,Downtown West,"Plaza between Russell and Greene,555 Washington Blvd.",39.2851489,-76.6231958,true,"Dorothy L. and Henry A. Rosenberg, Jr. Foundation",,,,Massimo Del Chiaro Artistic Foundry,Pietrasanta,,Italy,"IAS 71500998, 20140810,http://siris-artinventories.si.edu/ipac20/ipac.jsp?session=I4S7U14951498.2412&menu=search&aspect=Keyword&npp=50&ipp=20&spp=20&profile=ariall&ri=&term=&index=.GW&x=9&y=5&aspect=Keyword&term=Sheppard&index=.AW&term=Robinson&index=.TW&term=&index=.SW&term=&index=.FW&term=&index=.OW&term=&index=.NW , www.brooksrobinsonstatue.org"
Dogs and Cats,Neon,Sculpture,,19860000,56,312,,,,,,Harvey,Peterson,19490000,,,,"Baltimore Animal Rescue and Care Shelter, Inc. (BARCS), 201 Stockholm St.",39.274464,-76.622619,??,Baltimore City Percent for Art program,,,,Claude Neon Signs,,,,"IAS MD000402, 20140810, http://siris-artinventories.si.edu/ipac20/ipac.jsp?session=I4077H7435454.2432&profile=ariall&source=~!siartinventories&view=subscriptionsummary&uri=full=3100001~!334542~!1&ri=1&aspect=Keyword&menu=search&ipp=20&spp=20&staffonly=&term=Peterson&index=.AW&uindex=&oper=&term=Baltimore&index=.OW&uindex=&aspect=Keyword&menu=search&ri=1"
Subvator,"Aluminum, steel, concrete, gravel, and found objects",Sculpture,,19890000,240,96,276,,,,,Rodney,Carroll,19490000,,,,"Spring Garden Gusiness Park, 175 Ostend At.",39.2744069,-76.6197469,true,,Samuel,Himmelrich,,,,,,
The Golden Arm,Bronze,Sculpture,,20020000,168,,,,,,,Frederick,Kail,19370000,,,,"Gate A, M&T Bank Stadium, 1101 Russell St.",39.279139,-76.622142,true,Baltimore Ravens,Charles T. & Theodore W.,Bauer,,,,,,
The Golden Arm,,,,,,,,,,,,,,,,,,,,,,"Baltimore Orioles, and others",Stephen,Bisciotti,,,,,,
Atlantic Blue Roller Column,Painted Steel,Sculpture,,19770000,160,48,57,Moved about two blocks South to its current site in 1992,,,,Dominick,Cea,19410000,,,,Russell St. median at S. Paca,39.283853,-76.623133,true,Baltimore City Department of Housing and Community Development,,,,,,,,"IAS MD000227, 20140810, http://siris-artinventories.si.edu/ipac20/ipac.jsp?session=1407718L1B849.2442&menu=search&aspect=Keyword&npp=50&ipp=20&spp=20&profile=ariall&ri=&term=&index=.GW&x=9&y=13&aspect=Keyword&term=Cea&index=.AW&term=&index=.TW&term=&index=.SW&term=&index=.FW&term=&index=.OW&term=&index=.NW"
Babe's Dream,Bronze,Sculpture,,19950000,192,,,,,,,Susan,Luery,,,,,Camden and Eutaw Streets entrance to Camdem Yards,39.284947,-76.620686,true,Baltimore Orioles,,,,,,,,"IAS 71500918, 20140810, http://siris-artinventories.si.edu/ipac20/ipac.jsp?session=1407718L1B849.2442&menu=search&aspect=Keyword&npp=50&ipp=20&spp=20&profile=ariall&ri=&source=~!siartinventories&term=&index=.GW&x=9&y=9&aspect=Keyword&term=Luery&index=.AW&term=Babe%27s&index=.TW&term=&index=.SW&term=&index=.FW&term=&index=.OW&term=&index=.NW"
Babe's Dream,,,,,,,,,,,,,,,,,,,,,,"Maryland Stadium Authority, and others",,,,,,,,
Untitled 10,Granite,Sculpture,,19760000,74,70,10,,,,,Fernanda,Zopf,19220000,,,Pigtown/Washginton Villiage,"Charles Carroll Barrister Elementary School, 1327 Washington Blvd.",39.279758,-76.6361951,true,Baltimore City Percent for Art program,,,,,,,,"IAS MD000217, 20140810, http://siris-artinventories.si.edu/ipac20/ipac.jsp?session=1407718L1B849.2442&profile=ariall&source=~!siartinventories&view=subscriptionsummary&uri=full=3100001~!329693~!2&ri=3&aspect=Keyword&menu=search&ipp=20&spp=20&staffonly=&term=Zopf&index=.AW&uindex=&oper=&term=Baltimore&index=.OW&uindex=&aspect=Keyword&menu=search&ri=3"
Untitled 11,Aluminum,Sculpture,,19670000,96,56,38,,,,,Peter,van Rossum,,,,Pigtown/Washginton Villiage,"Diggs-Johnson Middle School (now Southwest Baltimore Charter School), 1300 Herkimer St.",39.281617,76.638242,true,Baltimore City Percent for Art program,,,,,,,,"IAS MD000224, 20140810, http://siris-artinventories.si.edu/ipac20/ipac.jsp?session=1407M2FN97293.2490&profile=ariall&source=~!siartinventories&view=subscriptionsummary&uri=full=3100001~!329700~!1&ri=2&aspect=Keyword&menu=search&ipp=20&spp=20&staffonly=&term=van+rossum&index=.AW&uindex=&aspect=Keyword&menu=search&ri=2"
Children's Round Square,Concrete,Sculpture,,19690000,60,216,168,,,,,Alfredo,Halgua,19300000,,,Hollins Market,"Steuart Hill Elementary School, 30 S. Gilmore St.",39.2868704,-76.6426096,true,Baltimore City Percent for Art program,,,,,,,,"IAS MD000483, 20140812, http://siris-artinventories.si.edu/ipac20/ipac.jsp?session=1407862T99UG5.3356&profile=ariall&source=~!siartinventories&view=subscriptionsummary&uri=full=3100001~!337222~!26&ri=1&aspect=Keyword&menu=search&ipp=20&spp=20&staffonly=&term=Halegua&index=.AW&uindex=&aspect=Keyword&menu=search&ri=1"
Steel Henge,Painted Steel,Sculpture,,19770000,216,342,246,,,,,Alton,Balder,19240000,20011200,,Ftanklin Square,"Vivian T. Thomas Medical Arts Academy School, 170 N. Calhoun St.",39.2906416,-76.6396863,true,Baltimore City Percent for Art program,,,,,,,,"IAS MD000246,http://siris-artinventories.si.edu/ipac20/ipac.jsp?session=1407862T99UG5.3356&menu=search&aspect=Keyword&npp=50&ipp=20&spp=20&profile=ariall&ri=&source=~!siartinventories&term=&index=.GW&x=9&y=10&aspect=Keyword&term=Balder&index=.AW&term=&index=.TW&term=&index=.SW&term=&index=.FW&term=Baltimore&index=.OW&term=&index=.NW"
Firebird,"Bronze, stainless steel, and copper",Sculpture,,20050000,600,,,,,,,Rodney,Carroll,19490000,,,,Symphony Center,39.303969,-76.620094,true,David S. Brown Enterprises,,,,,,,,
Firebird,,,,,,,,,,,,,,,,,Mid-Town Belvedere,,,,,Maryland Transit Administration,,,,,,,,
Pearlstone Park,Sandblasted Concrete and brick,Sculpture,,19850000,,,,"24 pieces: lights and settees, contained within park. The two acre park was restored in 2008.",,,,Scott,Burton,19390000,19890000,,Mid-Town Belvedere,Cathedral and Preston Streets,39.304692,-76.619403,true,Pearlstone Charitable Income Trust,,,,,,,,"IAS MD000011, 20140812, http://siris-artinventories.si.edu/ipac20/ipac.jsp?session=1R07893C8H078.3564&menu=search&aspect=Keyword&npp=50&ipp=20&spp=20&profile=ariall&ri=&source=~!siartinventories&term=&index=.GW&x=11&y=4&aspect=Keyword&term=Burton&index=.AW&term=Pearlstone&index=.TW&term=&index=.SW&term=&index=.FW&term=&index=.OW&term=&index=.NW"
Goddess of Liberty,Bronze,Monument,,19010000,720,384,384,,,,,Albert,Van den Berghen,18500000,19210000,,Mid-Town Belvedere,E. Mount Royal and Cathedral,39.305533,-76.618692,true,Maryland Society of the Sons of the American Revolution,,,,,,,,"IAS 75006019, 20140812, http://siris-artinventories.si.edu/ipac20/ipac.jsp?session=1R07893C8H078.3564&profile=ariall&source=~!siartinventories&view=subscriptionsummary&uri=full=3100001~!11322~!1&ri=9&aspect=Keyword&menu=search&ipp=20&spp=20&staffonly=&term=van+den+Berghen&index=.AW&uindex=&aspect=Keyword&menu=search&ri=9"
Goddess of Liberty,Granite and marble,,,,,,,,,,,William,Boyd,18820000,19470000,,,,,,,,,,,,,,,
Maya Queen Empowered,Stainless steel and bronze,Sculpture,,19890000,188,108,120,,,,,Lila,Katzen,19250000,19980000,,Mid-Town Belvedere,"Maryland Institute College of Art, 1400 Cathedral Street",,,,,,,,,,,,